,text_id,sentence_id,word_id,word,TRT,relFix,word_order,nfix,NEW_sentence_id
1,2,1.0,1,το,13.0,0.002924634420697413,0,1.0,1.0
2,2,1.0,2,χαβανέζικο,421.0,0.09471316085489313,1,3.0,1.0
3,2,1.0,3,νεύμα,282.0,0.06344206974128234,2,2.0,1.0
4,2,1.0,4,σάκα,304.0,0.06839145106861642,3,1.0,1.0
5,2,1.0,5,χρησιμοποιείται,203.0,0.04566929133858268,4,2.0,1.0
6,2,1.0,6,από,130.0,0.02924634420697413,5,1.0,1.0
7,2,1.0,7,τους,161.0,0.03622047244094488,6,1.0,1.0
8,2,1.0,8,λάτρεις,120.0,0.02699662542182227,7,2.0,1.0
9,2,1.0,9,του,,,8,NA,1.0
10,2,1.0,10,"σερφ,",325.0,0.07311586051743532,9,2.0,1.0
11,2,1.0,11,συνήθως,96.0,0.02159730033745782,10,1.0,1.0
12,2,1.0,12,σε,,,11,NA,1.0
13,2,1.0,13,μία,242.0,0.05444319460067491,12,1.0,1.0
14,2,1.0,14,φιλική,246.0,0.05534308211473566,13,1.0,1.0
15,2,1.0,15,"συζήτηση,",114.0,0.025646794150731157,14,1.0,1.0
16,2,1.0,16,για,320.0,0.0719910011248594,15,1.0,1.0
17,2,1.0,17,να,,,16,NA,1.0
18,2,1.0,18,δηλώσει,246.0,0.05534308211473566,17,2.0,1.0
19,2,1.0,19,ότι,251.0,0.05646794150731159,18,1.0,1.0
20,2,1.0,20,«όλα,510.0,0.11473565804274466,19,3.0,1.0
21,2,1.0,21,είναι,201.0,0.045219347581552306,20,1.0,1.0
22,2,1.0,22,υπό,121.0,0.027221597300337456,21,1.0,1.0
23,2,1.0,23,έλεγχο».,139.0,0.031271091113610795,22,1.0,1.0
24,2,2.0,24,για,250.0,0.04846839860411012,23,1.0,2.0
25,2,2.0,25,να,,,24,NA,2.0
26,2,2.0,26,κάνεις,285.0,0.055253974408685534,25,1.0,2.0
27,2,2.0,27,το,,,26,NA,2.0
28,2,2.0,28,νεύμα,244.0,0.04730515703761148,27,1.0,2.0
29,2,2.0,29,σάκα,244.0,0.04730515703761148,28,1.0,2.0
30,2,2.0,30,θα,,,29,NA,2.0
31,2,2.0,31,πρέπει,104.0,0.02016285381930981,30,1.0,2.0
32,2,2.0,32,να,,,31,NA,2.0
33,2,2.0,33,σηκώσεις,257.0,0.049825513765025205,32,2.0,2.0
34,2,2.0,34,το,,,33,NA,2.0
35,2,2.0,35,πρώτο,317.0,0.06145792943001163,34,2.0,2.0
36,2,2.0,36,και,62.0,0.01202016285381931,35,1.0,2.0
37,2,2.0,37,το,154.0,0.029856533540131833,36,1.0,2.0
38,2,2.0,38,τελευταίο,178.0,0.03450949980612641,37,1.0,2.0
39,2,2.0,39,δάχτυλο,195.0,0.0378053509112059,38,2.0,2.0
40,2,2.0,40,του,186.0,0.03606048856145793,39,1.0,2.0
41,2,2.0,41,χεριού,,,40,NA,2.0
42,2,2.0,42,"σου,",225.0,0.04362155874369911,41,1.0,2.0
43,2,2.0,43,να,,,42,NA,2.0
44,2,2.0,44,κρατήσεις,267.0,0.05176424970918961,43,1.0,2.0
45,2,2.0,45,τα,,,44,NA,2.0
46,2,2.0,46,μεσαία,312.0,0.06048856145792943,45,2.0,2.0
47,2,2.0,47,σου,,,46,NA,2.0
48,2,2.0,48,δάχτυλα,233.0,0.04517254749903063,47,1.0,2.0
49,2,2.0,49,λυγισμένα,236.0,0.045754168282279954,48,1.0,2.0
50,2,2.0,50,και,,,49,NA,2.0
51,2,2.0,51,να,204.0,0.039550213260953856,50,1.0,2.0
52,2,2.0,52,περιστρέψεις,226.0,0.04381543233811555,51,2.0,2.0
53,2,2.0,53,το,,,52,NA,2.0
54,2,2.0,54,χέρι,269.0,0.05215199689802249,53,1.0,2.0
55,2,2.0,55,σου,123.0,0.02384645211322218,54,1.0,2.0
56,2,2.0,56,δεξιά,145.0,0.02811167119038387,55,1.0,2.0
57,2,2.0,57,και,150.0,0.02908103916246607,56,1.0,2.0
58,2,2.0,58,αριστερά.,292.0,0.05661108956960062,57,2.0,2.0
59,2,3.0,59,τη,,,58,NA,3.0
60,2,3.0,60,δεκαετία,283.0,0.06392590919358482,59,2.0,3.0
61,2,3.0,61,του,,,60,NA,3.0
62,2,3.0,62,"1960,",338.0,0.07634967246442285,61,2.0,3.0
63,2,3.0,63,οι,,,62,NA,3.0
64,2,3.0,64,σέρφερ,226.0,0.051050372712898126,63,1.0,3.0
65,2,3.0,65,που,233.0,0.05263157894736842,64,1.0,3.0
66,2,3.0,66,επισκέπτονταν,323.0,0.07296137339055794,65,1.0,3.0
67,2,3.0,67,τη,95.0,0.02145922746781116,66,1.0,3.0
68,2,3.0,68,"χαβάη,",102.0,0.023040433702281454,67,1.0,3.0
69,2,3.0,69,«δανείστηκαν»,366.0,0.08267449740230404,68,2.0,3.0
70,2,3.0,70,το,,,69,NA,3.0
71,2,3.0,71,τοπικό,521.0,0.11768692116557489,70,3.0,3.0
72,2,3.0,72,αυτό,364.0,0.08222272419245538,71,2.0,3.0
73,2,3.0,73,"νεύμα,",241.0,0.054438671786763045,72,1.0,3.0
74,2,3.0,74,το,178.0,0.04020781567653038,73,1.0,3.0
75,2,3.0,75,οποίο,212.0,0.047887960243957535,74,1.0,3.0
76,2,3.0,76,διαδόθηκε,370.0,0.08357804382200136,75,2.0,3.0
77,2,3.0,77,σε,219.0,0.04946916647842783,76,1.0,3.0
78,2,3.0,78,όλο,132.0,0.029817031850011295,77,1.0,3.0
79,2,3.0,79,τον,,,78,NA,3.0
80,2,3.0,80,κόσμο.,224.0,0.05059859950304947,79,1.0,3.0
81,2,4.0,81,"έκτοτε,",217.0,0.04148346396482508,80,1.0,4.0
82,2,4.0,82,το,,,81,NA,4.0
83,2,4.0,83,νεύμα,225.0,0.043012808258459184,82,1.0,4.0
84,2,4.0,84,αυτό,172.0,0.032880902313133245,83,1.0,4.0
85,2,4.0,85,χρησιμοποιείται,153.0,0.029248709615752246,84,2.0,4.0
86,2,4.0,86,ευρέως,327.0,0.06251194800229401,85,1.0,4.0
87,2,4.0,87,μεταξύ,,,86,NA,4.0
88,2,4.0,88,των,225.0,0.043012808258459184,87,1.0,4.0
89,2,4.0,89,ανθρώπων,344.0,0.06576180462626649,88,2.0,4.0
90,2,4.0,90,για,,,89,NA,4.0
91,2,4.0,91,ανταλλαγή,289.0,0.05524756260753202,90,2.0,4.0
92,2,4.0,92,"χαιρετισμών,",327.0,0.06251194800229401,91,3.0,4.0
93,2,4.0,93,έκφραση,988.0,0.1888740202638119,92,3.0,4.0
94,2,4.0,94,ευχαριστιών,1009.0,0.19288854903460143,93,5.0,4.0
95,2,4.0,95,ή,,,94,NA,4.0
96,2,4.0,96,δήλωση,417.0,0.07971707130567769,95,2.0,4.0
97,2,4.0,97,επαίνου.,538.0,0.10284840374689352,96,2.0,4.0
98,2,5.0,98,οι,,,97,NA,5.0
99,2,5.0,99,πολίτες,2041.0,0.18319719953325556,98,9.0,5.0
100,2,5.0,100,της,171.0,0.01534871196481465,99,1.0,5.0
101,2,5.0,101,χαβάη,133.0,0.011937887083744726,100,1.0,5.0
102,2,5.0,102,χρησιμοποιούν,479.0,0.04299434521138138,101,2.0,5.0
103,2,5.0,103,το,,,102,NA,5.0
104,2,5.0,104,νεύμα,650.0,0.058343057176196034,103,2.0,5.0
105,2,5.0,105,σάκα,271.0,0.024324566914998652,104,2.0,5.0
106,2,5.0,106,για,,,105,NA,5.0
107,2,5.0,107,να,350.0,0.031415492325644015,106,2.0,5.0
108,2,5.0,108,εκφράσουν,584.0,0.05241899290907459,107,4.0,5.0
109,2,5.0,109,συγχρόνως,630.0,0.05654788618615923,108,3.0,5.0
110,2,5.0,110,αυτό,1036.0,0.0929898572839063,109,6.0,5.0
111,2,5.0,111,που,,,110,NA,5.0
112,2,5.0,112,αποκαλούν,412.0,0.0369805223947581,111,3.0,5.0
113,2,5.0,113,«aloha,360.0,0.032313077820662416,112,2.0,5.0
114,2,5.0,114,"spirit»,",326.0,0.029261287137599856,113,3.0,5.0
115,2,5.0,115,δηλαδή,104.0,0.009334889148191364,114,1.0,5.0
116,2,5.0,116,τη,129.0,0.011578852885737366,115,2.0,5.0
117,2,5.0,117,"φιλία,",287.0,0.025760703707028095,116,2.0,5.0
118,2,5.0,118,την,96.0,0.008616820752176645,117,1.0,5.0
119,2,5.0,119,"κατανόηση,",361.0,0.03240283637016426,118,2.0,5.0
120,2,5.0,120,τη,,,119,NA,5.0
121,2,5.0,121,συμπόνια,327.0,0.029351045687101698,120,2.0,5.0
122,2,5.0,122,και,,,121,NA,5.0
123,2,5.0,123,την,291.0,0.026119737905035453,122,1.0,5.0
124,2,5.0,124,αλληλεγγύη,630.0,0.05654788618615923,123,4.0,5.0
125,2,5.0,125,μεταξύ,183.0,0.01642581455883673,124,1.0,5.0
126,2,5.0,126,των,,,125,NA,5.0
127,2,5.0,127,διαφόρων,360.0,0.032313077820662416,126,2.0,5.0
128,2,5.0,128,φυλών,279.0,0.025042635311013375,127,2.0,5.0
129,2,5.0,129,που,342.0,0.0306974239296293,128,1.0,5.0
130,2,5.0,130,ζουν,209.0,0.01875953684588457,129,1.0,5.0
131,2,5.0,131,στη,,,130,NA,5.0
132,2,5.0,132,χαβάη.,100.0,0.008975854950184005,131,1.0,5.0
133,2,6.0,133,πιστεύεται,455.0,0.0657514450867052,132,3.0,6.0
134,2,6.0,134,ότι,207.0,0.02991329479768786,133,1.0,6.0
135,2,6.0,135,το,215.0,0.03106936416184971,134,1.0,6.0
136,2,6.0,136,νεύμα,387.0,0.05592485549132948,135,2.0,6.0
137,2,6.0,137,σάκα,381.0,0.05505780346820809,136,2.0,6.0
138,2,6.0,138,προέρχεται,420.0,0.06069364161849711,137,4.0,6.0
139,2,6.0,139,από,104.0,0.015028901734104046,138,1.0,6.0
140,2,6.0,140,τους,551.0,0.0796242774566474,139,2.0,6.0
141,2,6.0,141,ισπανούς,192.0,0.027745664739884393,140,1.0,6.0
142,2,6.0,142,"μετανάστες,",249.0,0.035982658959537575,141,1.0,6.0
143,2,6.0,143,οι,286.0,0.04132947976878613,142,1.0,6.0
144,2,6.0,144,οποίοι,130.0,0.01878612716763006,143,1.0,6.0
145,2,6.0,145,για,,,144,NA,6.0
146,2,6.0,146,να,60.0,0.008670520231213872,145,1.0,6.0
147,2,6.0,147,προσκαλέσουν,178.0,0.025722543352601157,146,2.0,6.0
148,2,6.0,148,τους,313.0,0.04523121387283237,147,2.0,6.0
149,2,6.0,149,ντόπιους,143.0,0.020664739884393064,148,1.0,6.0
150,2,6.0,150,της,234.0,0.0338150289017341,149,1.0,6.0
151,2,6.0,151,χαβάης,185.0,0.026734104046242775,150,1.0,6.0
152,2,6.0,152,για,,,151,NA,6.0
153,2,6.0,153,ένα,280.0,0.04046242774566474,152,1.0,6.0
154,2,6.0,154,"ποτό,",151.0,0.021820809248554913,153,2.0,6.0
155,2,6.0,155,έφερναν,325.0,0.04696531791907514,154,1.0,6.0
156,2,6.0,156,τον,,,155,NA,6.0
157,2,6.0,157,ανασηκωμένο,386.0,0.05578034682080925,156,2.0,6.0
158,2,6.0,158,αντίχειρα,232.0,0.03352601156069364,157,2.0,6.0
159,2,6.0,159,του,,,158,NA,6.0
160,2,6.0,160,χεριού,152.0,0.021965317919075144,159,1.0,6.0
161,2,6.0,161,τους,,,160,NA,6.0
162,2,6.0,162,κοντά,349.0,0.050433526011560696,161,1.0,6.0
163,2,6.0,163,στα,,,162,NA,6.0
164,2,6.0,164,χείλη,,,163,NA,6.0
165,2,6.0,165,"τους,",171.0,0.02471098265895954,164,1.0,6.0
166,2,6.0,166,κρατώντας,184.0,0.026589595375722544,165,1.0,6.0
167,2,6.0,167,τα,,,166,NA,6.0
168,2,6.0,168,μεσαία,,,167,NA,6.0
169,2,6.0,169,τους,,,168,NA,6.0
170,2,6.0,170,δάχτυλα,,,169,NA,6.0
171,2,6.0,171,κλειστά.,,,170,NA,6.0
172,3,1.0,1,στον,247.0,0.06077755905511811,0,2.0,7.0
173,3,1.0,2,"αθλητισμό,",820.0,0.2017716535433071,1,4.0,7.0
174,3,1.0,3,το,74.0,0.018208661417322834,2,1.0,7.0
175,3,1.0,4,ντόπινγκ,436.0,0.10728346456692914,3,3.0,7.0
176,3,1.0,5,ορίζεται,303.0,0.07455708661417323,4,1.0,7.0
177,3,1.0,6,ως,246.0,0.06053149606299212,5,1.0,7.0
178,3,1.0,7,η,,,6,NA,7.0
179,3,1.0,8,χρήση,172.0,0.04232283464566929,7,1.0,7.0
180,3,1.0,9,απαγορευμένων,423.0,0.10408464566929133,8,2.0,7.0
181,3,1.0,10,ουσιών,193.0,0.04749015748031496,9,2.0,7.0
182,3,1.0,11,που,,,10,NA,7.0
183,3,1.0,12,ενισχύουν,331.0,0.08144685039370078,11,2.0,7.0
184,3,1.0,13,την,,,12,NA,7.0
185,3,1.0,14,απόδοση,423.0,0.10408464566929133,13,2.0,7.0
186,3,1.0,15,των,,,14,NA,7.0
187,3,1.0,16,αθλητών.,396.0,0.09744094488188976,15,3.0,7.0
188,3,2.0,17,ο,,,16,NA,8.0
189,3,2.0,18,όρος,238.0,0.12087353986795328,17,1.0,8.0
190,3,2.0,19,ντόπινγκ,221.0,0.1122397155916709,18,2.0,8.0
191,3,2.0,20,χρησιμοποιείται,246.0,0.12493651599796851,19,2.0,8.0
192,3,2.0,21,ευρέως,214.0,0.10868461147790756,20,1.0,8.0
193,3,2.0,22,από,161.0,0.08176739461655663,21,1.0,8.0
194,3,2.0,23,διεθνείς,361.0,0.18334179786693752,22,1.0,8.0
195,3,2.0,24,αθλητικούς,233.0,0.11833417978669375,23,2.0,8.0
196,3,2.0,25,οργανισμούς.,295.0,0.14982224479431183,24,1.0,8.0
197,3,3.0,26,η,,,25,NA,9.0
198,3,3.0,27,χρήση,129.0,0.01520329994107248,26,1.0,9.0
199,3,3.0,28,ουσιών,403.0,0.04749558043606364,27,2.0,9.0
200,3,3.0,29,για,110.0,0.01296405421331762,28,1.0,9.0
201,3,3.0,30,ενίσχυση,400.0,0.04714201532115498,29,2.0,9.0
202,3,3.0,31,της,144.0,0.016971125515615793,30,1.0,9.0
203,3,3.0,32,απόδοσης,328.0,0.038656452563347085,31,2.0,9.0
204,3,3.0,33,θεωρείται,155.0,0.018267530936947555,32,2.0,9.0
205,3,3.0,34,ανέντιμη,367.0,0.043252799057159695,33,2.0,9.0
206,3,3.0,35,πρακτική,230.0,0.027106658809664112,34,1.0,9.0
207,3,3.0,36,και,151.0,0.017796110783736004,35,1.0,9.0
208,3,3.0,37,συνεπώς,536.0,0.06317030053034767,36,4.0,9.0
209,3,3.0,38,απαγορεύεται,706.0,0.08320565704183853,37,5.0,9.0
210,3,3.0,39,από,,,38,NA,9.0
211,3,3.0,40,τους,347.0,0.04089569829110194,39,2.0,9.0
212,3,3.0,41,περισσότερους,623.0,0.07342368886269889,40,5.0,9.0
213,3,3.0,42,διεθνείς,888.0,0.10465527401296405,41,5.0,9.0
214,3,3.0,43,"οργανισμούς,",865.0,0.10194460813199764,42,5.0,9.0
215,3,3.0,44,μεταξύ,561.0,0.06611667648791986,43,1.0,9.0
216,3,3.0,45,των,312.0,0.03677077195050089,44,1.0,9.0
217,3,3.0,46,οποίων,366.0,0.043134944018856806,45,3.0,9.0
218,3,3.0,47,και,140.0,0.016499705362404242,46,1.0,9.0
219,3,3.0,48,τη,207.0,0.0243959929286977,47,1.0,9.0
220,3,3.0,49,διεθνή,,,48,NA,9.0
221,3,3.0,50,ολυμπιακή,224.0,0.026399528579846787,49,1.0,9.0
222,3,3.0,51,επιτροπή.,293.0,0.03453152622274602,50,1.0,9.0
223,3,4.0,52,"επιπλέον,",,,51,NA,10.0
224,3,4.0,53,οι,,,52,NA,10.0
225,3,4.0,54,αθλητές,,,53,NA,10.0
226,3,4.0,55,που,,,54,NA,10.0
227,3,4.0,56,προσπαθούν,,,55,NA,10.0
228,3,4.0,57,να,,,56,NA,10.0
229,3,4.0,58,αποφύγουν,,,57,NA,10.0
230,3,4.0,59,την,,,58,NA,10.0
231,3,4.0,60,ανίχνευση,,,59,NA,10.0
232,3,4.0,61,τέτοιων,311.0,0.1848989298454221,60,3.0,10.0
233,3,4.0,62,ουσιών,95.0,0.05648038049940547,61,1.0,10.0
234,3,4.0,63,υπερβαίνουν,315.0,0.1872770511296076,62,2.0,10.0
235,3,4.0,64,τα,133.0,0.07907253269916766,63,1.0,10.0
236,3,4.0,65,όρια,,,64,NA,10.0
237,3,4.0,66,της,163.0,0.09690844233055886,65,1.0,10.0
238,3,4.0,67,ηθικής,108.0,0.06420927467300833,66,1.0,10.0
239,3,4.0,68,και,77.0,0.045778834720570746,67,1.0,10.0
240,3,4.0,69,φτάνουν,80.0,0.04756242568370987,68,1.0,10.0
241,3,4.0,70,στα,,,69,NA,10.0
242,3,4.0,71,όρια,171.0,0.10166468489892984,70,1.0,10.0
243,3,4.0,72,της,,,71,NA,10.0
244,3,4.0,73,εξαπάτησης.,229.0,0.1361474435196195,72,1.0,10.0
245,3,5.0,74,το,,,73,NA,11.0
246,3,5.0,75,ντόπινγκ,110.0,0.05268199233716475,74,1.0,11.0
247,3,5.0,76,δεν,165.0,0.07902298850574713,75,1.0,11.0
248,3,5.0,77,είναι,,,76,NA,11.0
249,3,5.0,78,ένα,81.0,0.03879310344827586,77,1.0,11.0
250,3,5.0,79,νέο,120.0,0.05747126436781609,78,1.0,11.0
251,3,5.0,80,φαινόμενο,333.0,0.15948275862068967,79,2.0,11.0
252,3,5.0,81,-,,,80,NA,11.0
253,3,5.0,82,στην,210.0,0.10057471264367816,81,1.0,11.0
254,3,5.0,83,πραγματικότητα,101.0,0.04837164750957854,82,1.0,11.0
255,3,5.0,84,είναι,295.0,0.14128352490421456,83,2.0,11.0
256,3,5.0,85,τόσο,,,84,NA,11.0
257,3,5.0,86,παλιό,251.0,0.12021072796934866,85,1.0,11.0
258,3,5.0,87,όσο,,,86,NA,11.0
259,3,5.0,88,και,140.0,0.06704980842911877,87,1.0,11.0
260,3,5.0,89,ο,,,88,NA,11.0
261,3,5.0,90,ίδιος,132.0,0.06321839080459771,89,1.0,11.0
262,3,5.0,91,ο,,,90,NA,11.0
263,3,5.0,92,αθλητισμός.,150.0,0.07183908045977011,91,1.0,11.0
264,3,6.0,93,από,,,92,NA,12.0
265,3,6.0,94,τη,158.0,0.02483886181418016,93,1.0,12.0
266,3,6.0,95,χρήση,,,94,NA,12.0
267,3,6.0,96,ουσιών,321.0,0.05046376355918881,95,2.0,12.0
268,3,6.0,97,στους,121.0,0.019022166326049365,96,1.0,12.0
269,3,6.0,98,αρχαίους,129.0,0.020279830215374942,97,1.0,12.0
270,3,6.0,99,αγώνες,302.0,0.04747681182204056,98,3.0,12.0
271,3,6.0,100,άμαξας,260.0,0.04087407640308128,99,2.0,12.0
272,3,6.0,101,μέχρι,511.0,0.08033328093067128,100,2.0,12.0
273,3,6.0,102,τα,304.0,0.047791227794371956,101,1.0,12.0
274,3,6.0,103,πρόσφατα,272.0,0.042760572237069645,102,2.0,12.0
275,3,6.0,104,περιστατικά,321.0,0.05046376355918881,103,2.0,12.0
276,3,6.0,105,σε,264.0,0.04150290834774407,104,2.0,12.0
277,3,6.0,106,μπέιζμπολ,224.0,0.03521458890111618,105,2.0,12.0
278,3,6.0,107,και,,,106,NA,12.0
279,3,6.0,108,"ποδηλασία,",223.0,0.03505738091495048,107,2.0,12.0
280,3,6.0,109,οι,,,108,NA,12.0
281,3,6.0,110,απόψεις,1064.0,0.16726929728030185,109,4.0,12.0
282,3,6.0,111,των,136.0,0.021380286118534823,110,1.0,12.0
283,3,6.0,112,αθλητών,166.0,0.02609652570350574,111,1.0,12.0
284,3,6.0,113,για,,,112,NA,12.0
285,3,6.0,114,το,314.0,0.04936330765602893,113,1.0,12.0
286,3,6.0,115,ντόπινγκ,371.0,0.05832416286747367,114,2.0,12.0
287,3,6.0,116,ποικίλουν,351.0,0.055180003144159724,115,3.0,12.0
288,3,6.0,117,διαχρονικά.,549.0,0.08630718440496778,116,3.0,12.0
289,3,7.0,118,τις,138.0,0.05454545454545454,117,1.0,13.0
290,3,7.0,119,τελευταίες,112.0,0.04426877470355731,118,1.0,13.0
291,3,7.0,120,"δεκαετίες,",211.0,0.08339920948616601,119,2.0,13.0
292,3,7.0,121,οι,,,120,NA,13.0
293,3,7.0,122,αρμόδιες,306.0,0.12094861660079051,121,2.0,13.0
294,3,7.0,123,αθλητικές,167.0,0.06600790513833991,122,1.0,13.0
295,3,7.0,124,αρχές,64.0,0.025296442687747035,123,1.0,13.0
296,3,7.0,125,και,70.0,0.02766798418972332,124,1.0,13.0
297,3,7.0,126,οργανώσεις,191.0,0.07549407114624505,125,1.0,13.0
298,3,7.0,127,προσπαθούν,182.0,0.07193675889328063,126,1.0,13.0
299,3,7.0,128,να,100.0,0.039525691699604744,127,1.0,13.0
300,3,7.0,129,ρυθμίσουν,241.0,0.09525691699604744,128,2.0,13.0
301,3,7.0,130,αυστηρά,269.0,0.10632411067193676,129,1.0,13.0
302,3,7.0,131,τη,,,130,NA,13.0
303,3,7.0,132,χρήση,176.0,0.06956521739130435,131,1.0,13.0
304,3,7.0,133,ουσιών,141.0,0.055731225296442685,132,1.0,13.0
305,3,7.0,134,στον,162.0,0.06403162055335969,133,1.0,13.0
306,3,7.0,135,αθλητισμό.,,,134,NA,13.0
307,3,8.0,136,οι,,,135,NA,14.0
308,3,8.0,137,βασικοί,332.0,0.09892729439809297,136,2.0,14.0
309,3,8.0,138,λόγοι,105.0,0.03128724672228844,137,1.0,14.0
310,3,8.0,139,για,,,138,NA,14.0
311,3,8.0,140,την,263.0,0.07836710369487485,139,1.0,14.0
312,3,8.0,141,απαγόρευση,91.0,0.027115613825983313,140,1.0,14.0
313,3,8.0,142,των,,,141,NA,14.0
314,3,8.0,143,ουσιών,235.0,0.0700238379022646,142,1.0,14.0
315,3,8.0,144,είναι,221.0,0.06585220500595948,143,1.0,14.0
316,3,8.0,145,οι,,,144,NA,14.0
317,3,8.0,146,κίνδυνοι,240.0,0.07151370679380215,145,2.0,14.0
318,3,8.0,147,για,,,146,NA,14.0
319,3,8.0,148,την,237.0,0.07061978545887962,147,1.0,14.0
320,3,8.0,149,υγεία,70.0,0.020858164481525627,148,1.0,14.0
321,3,8.0,150,των,179.0,0.0533373063170441,149,1.0,14.0
322,3,8.0,151,"αθλητών,",,,150,NA,14.0
323,3,8.0,152,οι,302.0,0.0899880810488677,151,2.0,14.0
324,3,8.0,153,ίσες,,,152,NA,14.0
325,3,8.0,154,ευκαιρίες,,,153,NA,14.0
326,3,8.0,155,και,,,154,NA,14.0
327,3,8.0,156,το,,,155,NA,14.0
328,3,8.0,157,θετικό,209.0,0.06227651966626937,156,1.0,14.0
329,3,8.0,158,παράδειγμα,193.0,0.05750893921334922,157,1.0,14.0
330,3,8.0,159,του,,,158,NA,14.0
331,3,8.0,160,αθλητισμού,152.0,0.04529201430274136,159,1.0,14.0
332,3,8.0,161,χωρίς,128.0,0.03814064362336114,160,1.0,14.0
333,3,8.0,162,ουσίες.,399.0,0.11889153754469607,161,2.0,14.0
334,3,9.0,163,οι,108.0,0.03915881073241479,162,1.0,15.0
335,3,9.0,164,αρχές,270.0,0.09789702683103699,163,2.0,15.0
336,3,9.0,165,αντι-,,,164,NA,15.0
337,3,9.0,166,ντόπινγκ,119.0,0.04314720812182741,165,1.0,15.0
338,3,9.0,167,έχουν,,,166,NA,15.0
339,3,9.0,168,επανειλημμένα,214.0,0.0775924583031182,167,1.0,15.0
340,3,9.0,169,τονίσει,146.0,0.05293691080493111,168,1.0,15.0
341,3,9.0,170,ότι,265.0,0.09608411892675853,169,2.0,15.0
342,3,9.0,171,η,,,170,NA,15.0
343,3,9.0,172,χρήση,736.0,0.2668600435097897,171,3.0,15.0
344,3,9.0,173,ουσιών,235.0,0.08520667150108774,172,1.0,15.0
345,3,9.0,174,είναι,,,173,NA,15.0
346,3,9.0,175,ενάντια,187.0,0.0678027556200145,174,1.0,15.0
347,3,9.0,176,στο,,,175,NA,15.0
348,3,9.0,177,«πνεύμα,258.0,0.09354604786076867,176,1.0,15.0
349,3,9.0,178,του,,,177,NA,15.0
350,3,9.0,179,αθλητισμού».,220.0,0.07976794778825236,178,1.0,15.0
351,4,1.0,1,το,209.0,0.076,0,1.0,16.0
352,4,1.0,2,μεγαλύτερο,134.0,0.04872727272727273,1,1.0,16.0
353,4,1.0,3,σαρκοφάγο,329.0,0.11963636363636364,2,2.0,16.0
354,4,1.0,4,ζώο,188.0,0.06836363636363636,3,1.0,16.0
355,4,1.0,5,της,,,4,NA,16.0
356,4,1.0,6,σύγχρονης,222.0,0.08072727272727273,5,1.0,16.0
357,4,1.0,7,εποχής,191.0,0.06945454545454545,6,1.0,16.0
358,4,1.0,8,έχει,198.0,0.072,7,1.0,16.0
359,4,1.0,9,μάρσιπο,320.0,0.11636363636363636,8,1.0,16.0
360,4,1.0,10,και,211.0,0.07672727272727273,9,1.0,16.0
361,4,1.0,11,ονομάζεται,312.0,0.11345454545454546,10,2.0,16.0
362,4,1.0,12,θυλακίνος.,436.0,0.15854545454545454,11,4.0,16.0
363,4,2.0,13,είναι,,,12,NA,17.0
364,4,2.0,14,κοινώς,478.0,0.14858563879390738,13,2.0,17.0
365,4,2.0,15,γνωστό,175.0,0.05439850792663973,14,1.0,17.0
366,4,2.0,16,ως,86.0,0.02673298103823438,15,1.0,17.0
367,4,2.0,17,τίγρη,337.0,0.10475598383587192,16,2.0,17.0
368,4,2.0,18,ή,,,17,NA,17.0
369,4,2.0,19,λύκος,176.0,0.05470935654336338,18,1.0,17.0
370,4,2.0,20,της,,,19,NA,17.0
371,4,2.0,21,"τασμανίας,",270.0,0.083929126515387,20,1.0,17.0
372,4,2.0,22,λόγω,178.0,0.05533105377681069,21,1.0,17.0
373,4,2.0,23,των,,,22,NA,17.0
374,4,2.0,24,ομοιοτήτων,207.0,0.0643456636617967,23,1.0,17.0
375,4,2.0,25,του,,,24,NA,17.0
376,4,2.0,26,με,139.0,0.043207957724588124,25,1.0,17.0
377,4,2.0,27,την,141.0,0.04382965495803544,26,1.0,17.0
378,4,2.0,28,τίγρη,129.0,0.04009947155735157,27,1.0,17.0
379,4,2.0,29,(λωρίδες,134.0,0.04165371464096985,28,1.0,17.0
380,4,2.0,30,στην,,,29,NA,17.0
381,4,2.0,31,πλάτη),,,30,NA,17.0
382,4,2.0,32,ή,,,31,NA,17.0
383,4,2.0,33,τον,259.0,0.08050979173142679,32,1.0,17.0
384,4,2.0,34,λύκο,137.0,0.042586260491140816,33,1.0,17.0
385,4,2.0,35,(χαρακτηριστικά).,371.0,0.11532483680447622,34,3.0,17.0
386,4,3.0,36,απολιθώματα,212.0,0.04406568281022656,35,2.0,18.0
387,4,3.0,37,δείχνουν,255.0,0.053003533568904596,36,1.0,18.0
388,4,3.0,38,ότι,223.0,0.046352109748493034,37,1.0,18.0
389,4,3.0,39,ο,,,38,NA,18.0
390,4,3.0,40,θυλακίνος,201.0,0.04177925587196009,39,1.0,18.0
391,4,3.0,41,μέχρι,325.0,0.06755352317605487,40,1.0,18.0
392,4,3.0,42,τον,,,41,NA,18.0
393,4,3.0,43,εικοστό,319.0,0.0663063812097277,42,2.0,18.0
394,4,3.0,44,αιώνα,231.0,0.048014965703595924,43,1.0,18.0
395,4,3.0,45,ζούσε,185.0,0.038453543961754315,44,1.0,18.0
396,4,3.0,46,στην,59.0,0.012263562668883808,45,1.0,18.0
397,4,3.0,47,ηπειρωτική,380.0,0.07898565786738723,46,2.0,18.0
398,4,3.0,48,"αυστραλία,",189.0,0.03928497193930576,47,1.0,18.0
399,4,3.0,49,την,108.0,0.022448555393889003,48,1.0,18.0
400,4,3.0,50,τασμανία,268.0,0.05570567449594679,49,2.0,18.0
401,4,3.0,51,και,221.0,0.045936395759717315,50,2.0,18.0
402,4,3.0,52,τη,,,51,NA,18.0
403,4,3.0,53,νέα,223.0,0.046352109748493034,52,1.0,18.0
404,4,3.0,54,γουινέα,139.0,0.0288921222199127,53,1.0,18.0
405,4,3.0,55,και,213.0,0.044273539804614424,54,1.0,18.0
406,4,3.0,56,έκτοτε,109.0,0.022656412388276866,55,1.0,18.0
407,4,3.0,57,θεωρείται,193.0,0.040116399916857205,56,2.0,18.0
408,4,3.0,58,ως,,,57,NA,18.0
409,4,3.0,59,εξαφανισμένο,421.0,0.08750779463728954,58,2.0,18.0
410,4,3.0,60,είδος.,337.0,0.07004780710870921,59,2.0,18.0
411,4,4.0,61,μάρσιπο,354.0,0.12948061448427212,60,1.0,19.0
412,4,4.0,62,διέθεταν,595.0,0.21762984637893196,61,3.0,19.0
413,4,4.0,63,πέρα,389.0,0.14228237015362108,62,2.0,19.0
414,4,4.0,64,από,,,63,NA,19.0
415,4,4.0,65,τους,209.0,0.07644476956839795,64,1.0,19.0
416,4,4.0,66,θηλυκούς,262.0,0.0958302852962692,65,2.0,19.0
417,4,4.0,67,και,210.0,0.07681053401609364,66,2.0,19.0
418,4,4.0,68,οι,,,67,NA,19.0
419,4,4.0,69,αρσενικοί,268.0,0.0980248719824433,68,2.0,19.0
420,4,4.0,70,θυλακίνοι.,447.0,0.16349670811997075,69,3.0,19.0
421,4,5.0,71,για,240.0,0.06580751302440362,70,1.0,20.0
422,4,5.0,72,"παράδειγμα,",82.0,0.022484233616671238,71,1.0,20.0
423,4,5.0,73,στον,,,72,NA,20.0
424,4,5.0,74,αρσενικό,484.0,0.1327118179325473,73,2.0,20.0
425,4,5.0,75,"θυλακίνο,",397.0,0.10885659446120098,74,2.0,20.0
426,4,5.0,76,ο,,,75,NA,20.0
427,4,5.0,77,μάρσιπος,236.0,0.06471072114066356,76,1.0,20.0
428,4,5.0,78,χρησίμευε,235.0,0.06443652316972855,77,2.0,20.0
429,4,5.0,79,για,,,78,NA,20.0
430,4,5.0,80,την,189.0,0.05182341650671785,79,1.0,20.0
431,4,5.0,81,προστασία,226.0,0.06196874143131341,80,2.0,20.0
432,4,5.0,82,των,107.0,0.029339182890046615,81,1.0,20.0
433,4,5.0,83,εξωτερικών,233.0,0.06388812722785851,82,1.0,20.0
434,4,5.0,84,αναπαραγωγικών,323.0,0.08856594461200987,83,2.0,20.0
435,4,5.0,85,του,110.0,0.030161776802851658,84,1.0,20.0
436,4,5.0,86,οργάνων,250.0,0.06854949273375377,85,2.0,20.0
437,4,5.0,87,κατά,,,86,NA,20.0
438,4,5.0,88,τη,140.0,0.03838771593090211,87,1.0,20.0
439,4,5.0,89,διάρκεια,181.0,0.04962983273923773,88,1.0,20.0
440,4,5.0,90,του,,,89,NA,20.0
441,4,5.0,91,κυνηγιού.,214.0,0.05867836578009323,90,2.0,20.0
442,4,6.0,92,ο,,,91,NA,21.0
443,4,6.0,93,θυλακίνος,186.0,0.04398202884842752,92,1.0,21.0
444,4,6.0,94,χαρακτηρίζεται,325.0,0.07685031922440293,93,2.0,21.0
445,4,6.0,95,από,122.0,0.02884842752423741,94,1.0,21.0
446,4,6.0,96,την,,,95,NA,21.0
447,4,6.0,97,αυξημένη,303.0,0.07164814376921258,96,3.0,21.0
448,4,6.0,98,ικανότητα,250.0,0.05911563017261764,97,1.0,21.0
449,4,6.0,99,"επιβίωσης,",192.0,0.04540080397257035,98,1.0,21.0
450,4,6.0,100,αφού,339.0,0.08016079451406952,99,1.0,21.0
451,4,6.0,101,εξασφαλίζει,212.0,0.05013005438637976,100,1.0,21.0
452,4,6.0,102,την,236.0,0.055805154882951055,101,1.0,21.0
453,4,6.0,103,τροφή,129.0,0.0305036651690707,102,1.0,21.0
454,4,6.0,104,του,,,103,NA,21.0
455,4,6.0,105,ακόμη,205.0,0.04847481674154647,104,1.0,21.0
456,4,6.0,106,και,,,105,NA,21.0
457,4,6.0,107,σε,,,106,NA,21.0
458,4,6.0,108,εξαιρετικά,267.0,0.06313549302435564,107,2.0,21.0
459,4,6.0,109,αραιοκατοικημένες,1246.0,0.2946323007803263,108,5.0,21.0
460,4,6.0,110,περιοχές.,217.0,0.05131236698983211,109,2.0,21.0
461,4,7.0,111,η,,,110,NA,22.0
462,4,7.0,112,σημαντική,325.0,0.08689839572192513,111,2.0,22.0
463,4,7.0,113,μείωση,311.0,0.08315508021390375,112,1.0,22.0
464,4,7.0,114,ή,,,113,NA,22.0
465,4,7.0,115,η,200.0,0.053475935828877004,114,1.0,22.0
466,4,7.0,116,εξαφάνιση,165.0,0.04411764705882353,115,1.0,22.0
467,4,7.0,117,του,,,116,NA,22.0
468,4,7.0,118,θυλακίνου,266.0,0.07112299465240642,117,2.0,22.0
469,4,7.0,119,από,,,118,NA,22.0
470,4,7.0,120,την,234.0,0.06256684491978609,119,1.0,22.0
471,4,7.0,121,αυστραλία,58.0,0.015508021390374332,120,1.0,22.0
472,4,7.0,122,υπολογίζεται,142.0,0.03796791443850268,121,1.0,22.0
473,4,7.0,123,πριν,240.0,0.06417112299465241,122,1.0,22.0
474,4,7.0,124,τη,,,123,NA,22.0
475,4,7.0,125,βρετανική,241.0,0.06443850267379679,124,2.0,22.0
476,4,7.0,126,αποικιοκρατία∙,406.0,0.10855614973262032,125,3.0,22.0
477,4,7.0,127,αντιθέτως,126.0,0.033689839572192515,126,1.0,22.0
478,4,7.0,128,στην,188.0,0.05026737967914439,127,1.0,22.0
479,4,7.0,129,τασμανία,157.0,0.04197860962566845,128,1.0,22.0
480,4,7.0,130,συνέχισε,462.0,0.12352941176470589,129,2.0,22.0
481,4,7.0,131,να,,,130,NA,22.0
482,4,7.0,132,επιβιώνει.,219.0,0.05855614973262032,131,2.0,22.0
483,4,8.0,133,χρηματικές,269.0,0.047417592102943766,132,2.0,23.0
484,4,8.0,134,αμοιβές,504.0,0.088841882601798,133,2.0,23.0
485,4,8.0,135,για,,,134,NA,23.0
486,4,8.0,136,το,142.0,0.025030847875903404,135,1.0,23.0
487,4,8.0,137,κυνήγι,,,136,NA,23.0
488,4,8.0,138,"θυλακίνου,",365.0,0.0643398554556672,137,2.0,23.0
489,4,8.0,139,η,157.0,0.02767495152476644,138,1.0,23.0
490,4,8.0,140,εξάπλωση,295.0,0.05200070509430636,139,2.0,23.0
491,4,8.0,141,"ασθενειών,",242.0,0.04265820553499031,140,2.0,23.0
492,4,8.0,142,η,,,141,NA,23.0
493,4,8.0,143,εμφάνιση,850.0,0.14983254010223868,142,4.0,23.0
494,4,8.0,144,σκύλων,263.0,0.046359950643398554,143,1.0,23.0
495,4,8.0,145,και,,,144,NA,23.0
496,4,8.0,146,η,149.0,0.026264762912039486,145,1.0,23.0
497,4,8.0,147,παρέμβαση,148.0,0.026088489335448616,146,1.0,23.0
498,4,8.0,148,του,,,147,NA,23.0
499,4,8.0,149,ανθρώπου,225.0,0.03966155473294553,148,2.0,23.0
500,4,8.0,150,στο,139.0,0.024502027146130794,149,1.0,23.0
501,4,8.0,151,περιβάλλον,567.0,0.09994711792702274,150,3.0,23.0
502,4,8.0,152,θεωρούνται,183.0,0.03225806451612903,151,1.0,23.0
503,4,8.0,153,μερικές,212.0,0.03736999823726424,152,1.0,23.0
504,4,8.0,154,από,,,153,NA,23.0
505,4,8.0,155,τις,150.0,0.026441036488630356,154,1.0,23.0
506,4,8.0,156,αιτίες,242.0,0.04265820553499031,155,2.0,23.0
507,4,8.0,157,εξαφάνισης,288.0,0.05076679005817028,156,1.0,23.0
508,4,8.0,158,του,,,157,NA,23.0
509,4,8.0,159,θυλακίνου.,283.0,0.04988542217521594,158,2.0,23.0
510,4,9.0,160,παρόλο,179.0,0.054357728515031886,159,1.0,24.0
511,4,9.0,161,που,,,160,NA,24.0
512,4,9.0,162,επίσημα,343.0,0.1041603401153963,161,2.0,24.0
513,4,9.0,163,θεωρείται,183.0,0.05557242635894321,162,2.0,24.0
514,4,9.0,164,ως,,,163,NA,24.0
515,4,9.0,165,εξαφανισμένο,444.0,0.1348314606741573,164,2.0,24.0
516,4,9.0,166,"είδος,",167.0,0.0507136349832979,165,1.0,24.0
517,4,9.0,167,εντούτοις,165.0,0.050106286061342244,166,2.0,24.0
518,4,9.0,168,υπάρχουν,231.0,0.07014880048587914,167,1.0,24.0
519,4,9.0,169,μαρτυρίες,181.0,0.05496507743698755,168,1.0,24.0
520,4,9.0,170,που,146.0,0.044336471302763435,169,1.0,24.0
521,4,9.0,171,υποστηρίζουν,259.0,0.07865168539325842,170,2.0,24.0
522,4,9.0,172,το,100.0,0.030367446097783177,171,1.0,24.0
523,4,9.0,173,αντίθετο,51.0,0.01548739750986942,172,1.0,24.0
524,4,9.0,174,–παραμένουν,241.0,0.07318554509565746,173,1.0,24.0
525,4,9.0,175,όμως,204.0,0.06194959003947768,174,1.0,24.0
526,4,9.0,176,ανεπιβεβαίωτες,235.0,0.07136349832979047,175,1.0,24.0
527,4,9.0,177,πληροφορίες.,164.0,0.04980261160036441,176,1.0,24.0
528,5,1.0,1,κάθε,221.0,0.03908045977011494,0,2.0,25.0
529,5,1.0,2,"χρόνο,",186.0,0.03289124668435013,1,2.0,25.0
530,5,1.0,3,στις,259.0,0.045800176834659596,2,1.0,25.0
531,5,1.0,4,πέντε,195.0,0.034482758620689655,3,1.0,25.0
532,5,1.0,5,"ιουνίου,",145.0,0.02564102564102564,4,2.0,25.0
533,5,1.0,6,γιορτάζεται,200.0,0.03536693191865606,5,1.0,25.0
534,5,1.0,7,η,,,6,NA,25.0
535,5,1.0,8,παγκόσμια,196.0,0.03465959328028294,7,2.0,25.0
536,5,1.0,9,ημέρα,182.0,0.03218390804597701,8,1.0,25.0
537,5,1.0,10,περιβάλλοντος,327.0,0.05782493368700265,9,2.0,25.0
538,5,1.0,11,"(πηπ),",99.0,0.01750663129973475,10,1.0,25.0
539,5,1.0,12,η,,,11,NA,25.0
540,5,1.0,13,οποία,250.0,0.04420866489832007,12,1.0,25.0
541,5,1.0,14,αποτελεί,129.0,0.022811671087533156,13,1.0,25.0
542,5,1.0,15,την,,,14,NA,25.0
543,5,1.0,16,κύρια,206.0,0.03642793987621574,15,1.0,25.0
544,5,1.0,17,εκδήλωση,293.0,0.051812555260831124,16,2.0,25.0
545,5,1.0,18,των,,,17,NA,25.0
546,5,1.0,19,ηνωμένων,397.0,0.07020335985853227,18,3.0,25.0
547,5,1.0,20,εθνών,224.0,0.039610963748894785,19,1.0,25.0
548,5,1.0,21,και,,,20,NA,25.0
549,5,1.0,22,στοχεύει,281.0,0.04969053934571176,21,2.0,25.0
550,5,1.0,23,στην,230.0,0.040671971706454466,22,2.0,25.0
551,5,1.0,24,ενημέρωση,161.0,0.028470380194518124,23,1.0,25.0
552,5,1.0,25,του,,,24,NA,25.0
553,5,1.0,26,κοινού,239.0,0.04226348364279399,25,1.0,25.0
554,5,1.0,27,για,141.0,0.02493368700265252,26,1.0,25.0
555,5,1.0,28,τα,,,27,NA,25.0
556,5,1.0,29,περιβαλλοντικά,308.0,0.05446507515473033,28,2.0,25.0
557,5,1.0,30,προβλήματα,179.0,0.03165340406719717,29,1.0,25.0
558,5,1.0,31,που,143.0,0.02528735632183908,30,1.0,25.0
559,5,1.0,32,αντιμετωπίζει,209.0,0.03695844385499558,31,2.0,25.0
560,5,1.0,33,η,,,32,NA,25.0
561,5,1.0,34,ανθρωπότητα.,255.0,0.04509283819628647,33,1.0,25.0
562,5,2.0,35,γιορτάστηκε,241.0,0.03812084783296425,34,1.0,26.0
563,5,2.0,36,για,174.0,0.027522935779816515,35,1.0,26.0
564,5,2.0,37,πρώτη,209.0,0.03305915849414742,36,2.0,26.0
565,5,2.0,38,φορά,,,37,NA,26.0
566,5,2.0,39,το,106.0,0.01676684593483075,38,1.0,26.0
567,5,2.0,40,1974,229.0,0.03622271433090794,39,1.0,26.0
568,5,2.0,41,με,,,40,NA,26.0
569,5,2.0,42,την,,,41,NA,26.0
570,5,2.0,43,πραγματοποίηση,330.0,0.05219867130654856,42,2.0,26.0
571,5,2.0,44,μίας,118.0,0.01866497943688706,43,1.0,26.0
572,5,2.0,45,σημαντικής,161.0,0.025466624485922178,44,1.0,26.0
573,5,2.0,46,εκστρατείας,220.0,0.034799114204365704,45,1.0,26.0
574,5,2.0,47,που,163.0,0.025782980069598227,46,1.0,26.0
575,5,2.0,48,στόχευε,203.0,0.03211009174311927,47,2.0,26.0
576,5,2.0,49,στην,101.0,0.01597595697564062,48,1.0,26.0
577,5,2.0,50,ευαισθητοποίηση,184.0,0.029104713698196772,49,1.0,26.0
578,5,2.0,51,του,216.0,0.034166403037013605,50,1.0,26.0
579,5,2.0,52,κοινού,80.0,0.012654223347042075,51,1.0,26.0
580,5,2.0,53,για,,,52,NA,26.0
581,5,2.0,54,μία,205.0,0.03242644732679532,53,1.0,26.0
582,5,2.0,55,σειρά,115.0,0.018190446061372982,54,1.0,26.0
583,5,2.0,56,από,126.0,0.019930401771591267,55,1.0,26.0
584,5,2.0,57,πρωτοεμφανιζόμενα,543.0,0.08589054096804809,56,4.0,26.0
585,5,2.0,58,τότε,,,57,NA,26.0
586,5,2.0,59,προβλήματα,527.0,0.08335969629863967,58,4.0,26.0
587,5,2.0,60,όπως,,,59,NA,26.0
588,5,2.0,61,η,233.0,0.03685542549826004,60,1.0,26.0
589,5,2.0,62,ρύπανση,317.0,0.05014236001265422,61,1.0,26.0
590,5,2.0,63,της,137.0,0.021670357481809555,62,1.0,26.0
591,5,2.0,64,"θάλασσας,",199.0,0.03147738057576716,63,2.0,26.0
592,5,2.0,65,η,,,64,NA,26.0
593,5,2.0,66,αύξηση,222.0,0.03511546978804176,65,1.0,26.0
594,5,2.0,67,του,,,66,NA,26.0
595,5,2.0,68,πληθυσμού,428.0,0.0677000949066751,67,3.0,26.0
596,5,2.0,69,και,,,68,NA,26.0
597,5,2.0,70,της,,,69,NA,26.0
598,5,2.0,71,θερμοκρασίας.,535.0,0.08462511863334388,70,2.0,26.0
599,5,3.0,72,η,,,71,NA,27.0
600,5,3.0,73,πηπ,128.0,0.05850091407678245,72,1.0,27.0
601,5,3.0,74,πλέον,602.0,0.27513711151736747,73,3.0,27.0
602,5,3.0,75,γιορτάζεται,689.0,0.3148994515539305,74,3.0,27.0
603,5,3.0,76,σε,,,75,NA,27.0
604,5,3.0,77,περισσότερες,415.0,0.1896709323583181,76,2.0,27.0
605,5,3.0,78,από,,,77,NA,27.0
606,5,3.0,79,εκατό,209.0,0.09552102376599635,78,1.0,27.0
607,5,3.0,80,χώρες.,145.0,0.06627056672760512,79,1.0,27.0
608,5,4.0,81,τα,94.0,0.01149706457925636,80,1.0,28.0
609,5,4.0,82,θέματα,565.0,0.06910469667318983,81,2.0,28.0
610,5,4.0,83,που,388.0,0.0474559686888454,82,2.0,28.0
611,5,4.0,84,απασχολούν,703.0,0.08598336594911937,83,4.0,28.0
612,5,4.0,85,την,270.0,0.03302348336594912,84,1.0,28.0
613,5,4.0,86,πηπ,476.0,0.05821917808219178,85,3.0,28.0
614,5,4.0,87,διαφοροποιούνται,765.0,0.09356653620352251,86,4.0,28.0
615,5,4.0,88,κάθε,318.0,0.03889432485322896,87,2.0,28.0
616,5,4.0,89,"χρόνο,",100.0,0.01223091976516634,88,1.0,28.0
617,5,4.0,90,και,,,89,NA,28.0
618,5,4.0,91,"κυβερνήσεις,",1268.0,0.1550880626223092,90,7.0,28.0
619,5,4.0,92,οργανώσεις,220.0,0.026908023483365948,91,1.0,28.0
620,5,4.0,93,και,,,92,NA,28.0
621,5,4.0,94,διάσημες,298.0,0.03644814090019569,93,2.0,28.0
622,5,4.0,95,προσωπικότητες,342.0,0.04182974559686888,94,3.0,28.0
623,5,4.0,96,ενώνουν,315.0,0.038527397260273974,95,1.0,28.0
624,5,4.0,97,τη,,,96,NA,28.0
625,5,4.0,98,φωνή,214.0,0.026174168297455967,97,1.0,28.0
626,5,4.0,99,και,139.0,0.017000978473581212,98,1.0,28.0
627,5,4.0,100,τις,,,99,NA,28.0
628,5,4.0,101,δυνάμεις,307.0,0.03754892367906067,100,2.0,28.0
629,5,4.0,102,τους,,,101,NA,28.0
630,5,4.0,103,για,140.0,0.017123287671232876,102,1.0,28.0
631,5,4.0,104,να,,,103,NA,28.0
632,5,4.0,105,παρακινήσουν,227.0,0.02776418786692759,104,1.0,28.0
633,5,4.0,106,τους,,,105,NA,28.0
634,5,4.0,107,πολίτες,328.0,0.040117416829745595,106,1.0,28.0
635,5,4.0,108,να,,,107,NA,28.0
636,5,4.0,109,στηρίξουν,360.0,0.04403131115459882,108,2.0,28.0
637,5,4.0,110,την,153.0,0.0187133072407045,109,1.0,28.0
638,5,4.0,111,εκστρατεία.,186.0,0.022749510763209392,110,2.0,28.0
639,5,5.0,112,για,65.0,0.031660983925962005,111,1.0,29.0
640,5,5.0,113,"παράδειγμα,",218.0,0.10618606916707257,112,1.0,29.0
641,5,5.0,114,το,209.0,0.10180224062347784,113,1.0,29.0
642,5,5.0,115,2018,131.0,0.06380905991232343,114,1.0,29.0
643,5,5.0,116,η,,,115,NA,29.0
644,5,5.0,117,εκστρατεία,256.0,0.12469556746225037,116,2.0,29.0
645,5,5.0,118,ήταν,231.0,0.11251826595226498,117,1.0,29.0
646,5,5.0,119,αφιερωμένη,121.0,0.05893813930832927,118,1.0,29.0
647,5,5.0,120,στην,,,119,NA,29.0
648,5,5.0,121,αντιμετώπιση,381.0,0.1855820750121773,120,2.0,29.0
649,5,5.0,122,της,,,121,NA,29.0
650,5,5.0,123,πλαστικής,265.0,0.12907939600584512,122,2.0,29.0
651,5,5.0,124,ρύπανσης.,176.0,0.08572820263029712,123,1.0,29.0
652,5,6.0,125,καλούσε,297.0,0.16610738255033558,124,1.0,30.0
653,5,6.0,126,τους,,,125,NA,30.0
654,5,6.0,127,πολίτες,337.0,0.1884787472035794,126,3.0,30.0
655,5,6.0,128,να,,,127,NA,30.0
656,5,6.0,129,μειώσουν,269.0,0.15044742729306487,128,2.0,30.0
657,5,6.0,130,τη,,,129,NA,30.0
658,5,6.0,131,χρήση,234.0,0.13087248322147652,130,1.0,30.0
659,5,6.0,132,πλαστικών,130.0,0.07270693512304251,131,2.0,30.0
660,5,6.0,133,στην,,,132,NA,30.0
661,5,6.0,134,καθημερινότητά,337.0,0.1884787472035794,133,2.0,30.0
662,5,6.0,135,τους.,184.0,0.1029082774049217,134,1.0,30.0
663,5,7.0,136,η,,,135,NA,31.0
664,5,7.0,137,συλλογική,214.0,0.0506029794277607,136,1.0,31.0
665,5,7.0,138,αυτή,114.0,0.026956727358713645,137,1.0,31.0
666,5,7.0,139,δράση,97.0,0.022936864506975643,138,1.0,31.0
667,5,7.0,140,στόχευε,446.0,0.10546228422794987,139,2.0,31.0
668,5,7.0,141,στη,151.0,0.035705840624261055,140,1.0,31.0
669,5,7.0,142,μείωση,76.0,0.017971151572475762,141,1.0,31.0
670,5,7.0,143,της,132.0,0.031213052731142114,142,1.0,31.0
671,5,7.0,144,χρήσης,187.0,0.04421849136911799,143,1.0,31.0
672,5,7.0,145,των,,,144,NA,31.0
673,5,7.0,146,πλαστικών,288.0,0.06810120595885552,145,2.0,31.0
674,5,7.0,147,προϊόντων,235.0,0.05556869236226058,146,2.0,31.0
675,5,7.0,148,μίας,142.0,0.03357767793804682,147,1.0,31.0
676,5,7.0,149,"χρήσης,",198.0,0.04681957909671317,148,1.0,31.0
677,5,7.0,150,καθώς,471.0,0.11137384724521164,149,1.0,31.0
678,5,7.0,151,η,,,150,NA,31.0
679,5,7.0,152,βλάβη,79.0,0.018680539134547175,151,1.0,31.0
680,5,7.0,153,που,,,152,NA,31.0
681,5,7.0,154,προξενεί,365.0,0.08630882005202176,153,3.0,31.0
682,5,7.0,155,η,,,154,NA,31.0
683,5,7.0,156,χρήση,211.0,0.049893591865689285,155,1.0,31.0
684,5,7.0,157,τους,,,156,NA,31.0
685,5,7.0,158,στο,228.0,0.05391345471742729,157,1.0,31.0
686,5,7.0,159,περιβάλλον,195.0,0.046110191534641756,158,1.0,31.0
687,5,7.0,160,είναι,70.0,0.01655237644833294,159,1.0,31.0
688,5,7.0,161,ανεπανόρθωτη.,330.0,0.07803263182785529,160,2.0,31.0
689,5,8.0,162,η,,,161,NA,32.0
690,5,8.0,163,κυβέρνηση,498.0,0.17142857142857143,162,2.0,32.0
691,5,8.0,164,μάλιστα,104.0,0.03580034423407917,163,1.0,32.0
692,5,8.0,165,της,50.0,0.01721170395869191,164,1.0,32.0
693,5,8.0,166,ινδίας,199.0,0.0685025817555938,165,1.0,32.0
694,5,8.0,167,δεσμεύτηκε,321.0,0.11049913941480206,166,2.0,32.0
695,5,8.0,168,ότι,,,167,NA,32.0
696,5,8.0,169,μέχρι,205.0,0.07056798623063683,168,1.0,32.0
697,5,8.0,170,το,73.0,0.02512908777969019,169,1.0,32.0
698,5,8.0,171,2022,140.0,0.04819277108433735,170,1.0,32.0
699,5,8.0,172,κανένας,299.0,0.10292598967297763,171,2.0,32.0
700,5,8.0,173,στη,,,172,NA,32.0
701,5,8.0,174,χώρα,215.0,0.07401032702237521,173,1.0,32.0
702,5,8.0,175,δε,,,174,NA,32.0
703,5,8.0,176,θα,132.0,0.045438898450946646,175,1.0,32.0
704,5,8.0,177,χρησιμοποιεί,285.0,0.0981067125645439,176,2.0,32.0
705,5,8.0,178,πλαστικά,188.0,0.06471600688468158,177,1.0,32.0
706,5,8.0,179,μίας,196.0,0.06746987951807229,178,1.0,32.0
707,5,8.0,180,χρήσης.,,,179,NA,32.0
708,6,1.0,1,η,,,0,NA,33.0
709,6,1.0,2,διόρθωση,386.0,0.0922782691847956,1,2.0,33.0
710,6,1.0,3,ή,,,2,NA,33.0
711,6,1.0,4,η,211.0,0.050442266316041116,3,1.0,33.0
712,6,1.0,5,ενίσχυση,228.0,0.054506335166148695,4,2.0,33.0
713,6,1.0,6,της,85.0,0.020320344250537893,5,1.0,33.0
714,6,1.0,7,όρασης,150.0,0.03585943103036098,6,1.0,33.0
715,6,1.0,8,σε,237.0,0.05665790102797036,7,1.0,33.0
716,6,1.0,9,ένα,,,8,NA,33.0
717,6,1.0,10,από,230.0,0.05498446091322018,9,1.0,33.0
718,6,1.0,11,τα,,,10,NA,33.0
719,6,1.0,12,δύο,185.0,0.04422663160411188,11,1.0,33.0
720,6,1.0,13,μάτια,144.0,0.034425053789146544,12,1.0,33.0
721,6,1.0,14,γίνεται,409.0,0.09777671527611762,13,2.0,33.0
722,6,1.0,15,με,,,14,NA,33.0
723,6,1.0,16,ένα,224.0,0.053550083672005734,15,1.0,33.0
724,6,1.0,17,είδος,145.0,0.034664116662682286,16,1.0,33.0
725,6,1.0,18,μονού,,,17,NA,33.0
726,6,1.0,19,διορθωτικού,269.0,0.06430791298111403,18,3.0,33.0
727,6,1.0,20,"φακού,",237.0,0.05665790102797036,19,1.0,33.0
728,6,1.0,21,γνωστού,208.0,0.0497250776954339,20,1.0,33.0
729,6,1.0,22,ως,,,21,NA,33.0
730,6,1.0,23,μονόκλ.,835.0,0.19961749940234283,22,3.0,33.0
731,6,2.0,24,ο,,,23,NA,34.0
732,6,2.0,25,φακός,104.0,0.0456540825285338,24,1.0,34.0
733,6,2.0,26,αυτός,250.0,0.10974539069359086,25,1.0,34.0
734,6,2.0,27,έχει,198.0,0.08691834942932397,26,1.0,34.0
735,6,2.0,28,σχήμα,231.0,0.10140474100087796,27,1.0,34.0
736,6,2.0,29,"κυκλικό,",200.0,0.08779631255487269,28,2.0,34.0
737,6,2.0,30,πλαισιώνεται,323.0,0.1417910447761194,29,2.0,34.0
738,6,2.0,31,από,121.0,0.05311676909569798,30,1.0,34.0
739,6,2.0,32,σύρμα,184.0,0.08077260755048288,31,1.0,34.0
740,6,2.0,33,και,60.0,0.02633889376646181,32,1.0,34.0
741,6,2.0,34,ενώνεται,274.0,0.1202809482001756,33,1.0,34.0
742,6,2.0,35,με,,,34,NA,34.0
743,6,2.0,36,μία,,,35,NA,34.0
744,6,2.0,37,αλυσίδα.,333.0,0.14618086040386305,36,2.0,34.0
745,6,3.0,38,η,,,37,NA,35.0
746,6,3.0,39,αλυσίδα,217.0,0.09610274579273693,38,1.0,35.0
747,6,3.0,40,συνδέεται,261.0,0.11558901682905226,39,2.0,35.0
748,6,3.0,41,με,,,40,NA,35.0
749,6,3.0,42,το,150.0,0.06643046944198405,41,1.0,35.0
750,6,3.0,43,ρούχο,72.0,0.03188662533215235,42,1.0,35.0
751,6,3.0,44,του,196.0,0.08680248007085917,43,1.0,35.0
752,6,3.0,45,ανθρώπου,237.0,0.10496014171833482,44,1.0,35.0
753,6,3.0,46,που,247.0,0.10938883968113375,45,1.0,35.0
754,6,3.0,47,το,,,46,NA,35.0
755,6,3.0,48,φορεί,187.0,0.08281665190434012,47,1.0,35.0
756,6,3.0,49,για,,,48,NA,35.0
757,6,3.0,50,να,237.0,0.10496014171833482,49,1.0,35.0
758,6,3.0,51,μη,,,50,NA,35.0
759,6,3.0,52,χαθεί,177.0,0.07838795394154119,51,2.0,35.0
760,6,3.0,53,ο,,,52,NA,35.0
761,6,3.0,54,φακός.,277.0,0.12267493356953056,53,1.0,35.0
762,6,4.0,55,η,,,54,NA,36.0
763,6,4.0,56,χρήση,259.0,0.2193056731583404,55,1.0,36.0
764,6,4.0,57,του,108.0,0.09144792548687553,56,1.0,36.0
765,6,4.0,58,μονόκλ,291.0,0.2464013547840813,57,1.0,36.0
766,6,4.0,59,συνδέθηκε,325.0,0.275190516511431,58,2.0,36.0
767,6,4.0,60,με,198.0,0.1676545300592718,59,1.0,36.0
768,6,4.0,61,την,,,60,NA,36.0
769,6,4.0,62,αριστοκρατία,,,61,NA,36.0
770,6,4.0,63,του,,,62,NA,36.0
771,6,4.0,64,δέκατου,,,63,NA,36.0
772,6,4.0,65,ένατου,,,64,NA,36.0
773,6,4.0,66,αιώνα.,,,65,NA,36.0
774,6,5.0,67,οι,,,66,NA,37.0
775,6,5.0,68,αριστοκράτες,,,67,NA,37.0
776,6,5.0,69,της,,,68,NA,37.0
777,6,5.0,70,τότε,,,69,NA,37.0
778,6,5.0,71,εποχής,,,70,NA,37.0
779,6,5.0,72,συνήθιζαν,,,71,NA,37.0
780,6,5.0,73,να,,,72,NA,37.0
781,6,5.0,74,φορούν,,,73,NA,37.0
782,6,5.0,75,"καπέλο,",,,74,NA,37.0
783,6,5.0,76,μακρύ,,,75,NA,37.0
784,6,5.0,77,παλτό,,,76,NA,37.0
785,6,5.0,78,και,,,77,NA,37.0
786,6,5.0,79,το,334.0,0.11589174184594032,78,2.0,37.0
787,6,5.0,80,χαρακτηριστικό,1085.0,0.37647467036780013,79,8.0,37.0
788,6,5.0,81,μονόκλ,531.0,0.1842470506592644,80,3.0,37.0
789,6,5.0,82,ολοκλήρωνε,443.0,0.15371269951422623,81,3.0,37.0
790,6,5.0,83,την,,,82,NA,37.0
791,6,5.0,84,εμφάνισή,345.0,0.11970853573907009,83,3.0,37.0
792,6,5.0,85,τους.,144.0,0.04996530187369882,84,1.0,37.0
793,6,6.0,86,"επίσης,",684.0,0.17312072892938496,85,4.0,38.0
794,6,6.0,87,οι,,,86,NA,38.0
795,6,6.0,88,αξιωματικοί,449.0,0.11364211592002024,87,3.0,38.0
796,6,6.0,89,του,244.0,0.06175651733738294,88,2.0,38.0
797,6,6.0,90,στρατού,193.0,0.04884839281194634,89,1.0,38.0
798,6,6.0,91,"συνήθιζαν,",1121.0,0.28372563907871423,90,5.0,38.0
799,6,6.0,92,την,,,91,NA,38.0
800,6,6.0,93,ίδια,,,92,NA,38.0
801,6,6.0,94,"εποχή,",148.0,0.03745887117185523,93,1.0,38.0
802,6,6.0,95,να,93.0,0.023538344722854973,94,1.0,38.0
803,6,6.0,96,κυκλοφορούν,388.0,0.09820298658567451,95,2.0,38.0
804,6,6.0,97,με,105.0,0.026575550493545937,96,1.0,38.0
805,6,6.0,98,ένα,74.0,0.018729435585927615,97,1.0,38.0
806,6,6.0,99,μονόκλ,122.0,0.03087825866869147,98,1.0,38.0
807,6,6.0,100,στο,,,99,NA,38.0
808,6,6.0,101,μάτι.,330.0,0.08352315869400152,100,2.0,38.0
809,6,7.0,102,στις,251.0,0.21788194444444445,101,1.0,39.0
810,6,7.0,103,μέρες,150.0,0.13020833333333334,102,1.0,39.0
811,6,7.0,104,μας,267.0,0.23177083333333334,103,1.0,39.0
812,6,7.0,105,δε,,,104,NA,39.0
813,6,7.0,106,συνηθίζεται,181.0,0.15711805555555555,105,1.0,39.0
814,6,7.0,107,η,,,106,NA,39.0
815,6,7.0,108,χρήση,,,107,NA,39.0
816,6,7.0,109,του,163.0,0.14149305555555555,108,1.0,39.0
817,6,7.0,110,μονόκλ.,140.0,0.12152777777777778,109,1.0,39.0
818,6,8.0,111,η,,,110,NA,40.0
819,6,8.0,112,σημαντική,338.0,0.06723692062860553,111,2.0,40.0
820,6,8.0,113,πρόοδος,122.0,0.024268947682514422,112,1.0,40.0
821,6,8.0,114,που,103.0,0.020489357469663814,113,1.0,40.0
822,6,8.0,115,σημειώθηκε,242.0,0.04814004376367615,114,2.0,40.0
823,6,8.0,116,στον,244.0,0.048537895365028845,115,1.0,40.0
824,6,8.0,117,τομέα,,,116,NA,40.0
825,6,8.0,118,της,110.0,0.02188183807439825,117,1.0,40.0
826,6,8.0,119,οπτομετρίας,92.0,0.01830117366222399,118,1.0,40.0
827,6,8.0,120,επιτρέπει,345.0,0.06862940123333997,119,2.0,40.0
828,6,8.0,121,πλέον,73.0,0.014521583449373383,120,1.0,40.0
829,6,8.0,122,την,,,121,NA,40.0
830,6,8.0,123,ακριβή,,,122,NA,40.0
831,6,8.0,124,καταγραφή,358.0,0.07121543664213248,123,2.0,40.0
832,6,8.0,125,της,,,124,NA,40.0
833,6,8.0,126,οπτικής,,,125,NA,40.0
834,6,8.0,127,λειτουργίας,688.0,0.13686095086532724,126,3.0,40.0
835,6,8.0,128,"και,",105.0,0.020887209071016512,127,1.0,40.0
836,6,8.0,129,κατ’,149.0,0.029639944300775812,128,1.0,40.0
837,6,8.0,130,"επέκταση,",233.0,0.04634971155758902,129,2.0,40.0
838,6,8.0,131,τη,,,130,NA,40.0
839,6,8.0,132,δημιουργία,313.0,0.06226377561169684,131,1.0,40.0
840,6,8.0,133,γυαλιών,301.0,0.059876666003580666,132,1.0,40.0
841,6,8.0,134,και,202.0,0.04018301173662224,133,1.0,40.0
842,6,8.0,135,φακών,215.0,0.04276904714541476,134,1.0,40.0
843,6,8.0,136,επαφής,131.0,0.02605927988860155,135,1.0,40.0
844,6,8.0,137,με,,,136,NA,40.0
845,6,8.0,138,διαφορετικά,236.0,0.04694648895961806,137,2.0,40.0
846,6,8.0,139,χαρακτηριστικά,215.0,0.04276904714541476,138,1.0,40.0
847,6,8.0,140,για,,,139,NA,40.0
848,6,8.0,141,το,,,140,NA,40.0
849,6,8.0,142,κάθε,212.0,0.04217226974338572,141,1.0,40.0
850,6,8.0,143,μάτι.,,,142,NA,40.0
851,7,1.0,1,η,,,0,NA,41.0
852,7,1.0,2,γευσιγνωσία,1165.0,0.5173179396092362,1,7.0,41.0
853,7,1.0,3,κρασιού,327.0,0.14520426287744229,2,2.0,41.0
854,7,1.0,4,αφορά,118.0,0.052397868561278864,3,1.0,41.0
855,7,1.0,5,την,,,4,NA,41.0
856,7,1.0,6,αισθητηριακή,382.0,0.16962699822380106,5,2.0,41.0
857,7,1.0,7,,,,6,NA,41.0
858,7,1.0,8,αξιολόγησή,260.0,0.11545293072824156,7,2.0,41.0
859,7,1.0,9,του.,,,8,NA,41.0
860,7,2.0,10,παρόλο,,,9,NA,42.0
861,7,2.0,11,που,,,10,NA,42.0
862,7,2.0,12,η,,,11,NA,42.0
863,7,2.0,13,πρακτική,237.0,0.049241637232495326,12,2.0,42.0
864,7,2.0,14,της,167.0,0.0346976937461043,13,1.0,42.0
865,7,2.0,15,γευσιγνωσίας,225.0,0.04674838977768544,14,1.0,42.0
866,7,2.0,16,είναι,,,15,NA,42.0
867,7,2.0,17,τόσο,649.0,0.13484313318096822,16,3.0,42.0
868,7,2.0,18,αρχαία,242.0,0.05028049033866611,17,2.0,42.0
869,7,2.0,19,όσο,,,18,NA,42.0
870,7,2.0,20,και,279.0,0.05796800332432994,19,1.0,42.0
871,7,2.0,21,η,,,20,NA,42.0
872,7,2.0,22,παραγωγή,318.0,0.06607105755246208,21,2.0,42.0
873,7,2.0,23,του,,,22,NA,42.0
874,7,2.0,24,"κρασιού,",159.0,0.03303552877623104,23,1.0,42.0
875,7,2.0,25,ωστόσο,258.0,0.05360482027841263,24,1.0,42.0
876,7,2.0,26,μια,,,25,NA,42.0
877,7,2.0,27,πιο,161.0,0.033451070018699354,26,1.0,42.0
878,7,2.0,28,τυποποιημένη,797.0,0.16559318512362353,27,6.0,42.0
879,7,2.0,29,μεθοδολογία,528.0,0.10970288801163515,28,3.0,42.0
880,7,2.0,30,έχει,265.0,0.05505921462705173,29,1.0,42.0
881,7,2.0,31,καθιερωθεί,234.0,0.048618325368792854,30,1.0,42.0
882,7,2.0,32,σταδιακά,294.0,0.0610845626428423,31,2.0,42.0
883,7,2.0,33,από,,,32,NA,42.0
884,7,2.0,34,τα,,,33,NA,42.0
885,7,2.0,35,τέλη,,,34,NA,42.0
886,7,2.0,36,του,,,35,NA,42.0
887,7,2.0,37,μεσαίωνα,,,36,NA,42.0
888,7,2.0,38,και,,,37,NA,42.0
889,7,2.0,39,μετά.,,,38,NA,42.0
890,7,3.0,40,οι,,,39,NA,43.0
891,7,3.0,41,σύγχρονοι,,,40,NA,43.0
892,7,3.0,42,δοκιμαστές,,,41,NA,43.0
893,7,3.0,43,κρασιού,,,42,NA,43.0
894,7,3.0,44,χρησιμοποιούν,218.0,0.10111317254174397,43,1.0,43.0
895,7,3.0,45,μια,,,44,NA,43.0
896,7,3.0,46,εξειδικευμένη,,,45,NA,43.0
897,7,3.0,47,ορολογία,,,46,NA,43.0
898,7,3.0,48,για,,,47,NA,43.0
899,7,3.0,49,να,,,48,NA,43.0
900,7,3.0,50,περιγράψουν,286.0,0.1326530612244898,49,3.0,43.0
901,7,3.0,51,το,,,50,NA,43.0
902,7,3.0,52,εύρος,273.0,0.1266233766233766,51,2.0,43.0
903,7,3.0,53,των,190.0,0.08812615955473098,52,1.0,43.0
904,7,3.0,54,"γεύσεων,",265.0,0.12291280148423006,53,1.0,43.0
905,7,3.0,55,αρωμάτων,134.0,0.06215213358070501,54,1.0,43.0
906,7,3.0,56,και,234.0,0.10853432282003711,55,1.0,43.0
907,7,3.0,57,γενικών,164.0,0.07606679035250463,56,1.0,43.0
908,7,3.0,58,χαρακτηριστικών,,,57,NA,43.0
909,7,3.0,59,ενός,170.0,0.07884972170686456,58,1.0,43.0
910,7,3.0,60,κρασιού.,222.0,0.10296846011131726,59,2.0,43.0
911,7,4.0,61,τα,149.0,0.020526243284198924,60,1.0,44.0
912,7,4.0,62,τελευταία,,,61,NA,44.0
913,7,4.0,63,"χρόνια,",690.0,0.09505441520870643,62,2.0,44.0
914,7,4.0,64,ορισμένα,487.0,0.06708913073426091,63,3.0,44.0
915,7,4.0,65,ευρήματα,815.0,0.11227441796390687,64,5.0,44.0
916,7,4.0,66,αμφισβητούν,592.0,0.08155393304862929,65,4.0,44.0
917,7,4.0,67,την,140.0,0.019286403085824494,66,1.0,44.0
918,7,4.0,68,αξιοπιστία,597.0,0.0822427331588373,67,3.0,44.0
919,7,4.0,69,της,293.0,0.040363686458189836,68,2.0,44.0
920,7,4.0,70,γευσιγνωσίας,728.0,0.10028929604628736,69,5.0,44.0
921,7,4.0,71,του,,,70,NA,44.0
922,7,4.0,72,κρασιού,220.0,0.030307204849152777,71,2.0,44.0
923,7,4.0,73,τόσο,201.0,0.02768976443036231,72,2.0,44.0
924,7,4.0,74,από,557.0,0.07673233227717316,73,3.0,44.0
925,7,4.0,75,ειδικούς,898.0,0.12370849979335996,74,5.0,44.0
926,7,4.0,76,όσο,383.0,0.05276208844193415,75,2.0,44.0
927,7,4.0,77,και,134.0,0.018459842953574872,76,1.0,44.0
928,7,4.0,78,απλούς,375.0,0.05166000826560132,77,2.0,44.0
929,7,4.0,79,καταναλωτές.,,,78,NA,44.0
930,7,5.0,80,για,,,79,NA,45.0
931,7,5.0,81,"παράδειγμα,",208.0,0.06272617611580217,80,2.0,45.0
932,7,5.0,82,έρευνες,160.0,0.04825090470446321,81,2.0,45.0
933,7,5.0,83,δείχνουν,304.0,0.09167671893848009,82,2.0,45.0
934,7,5.0,84,ότι,119.0,0.035886610373944514,83,1.0,45.0
935,7,5.0,85,οι,,,84,NA,45.0
936,7,5.0,86,άνθρωποι,,,85,NA,45.0
937,7,5.0,87,αναμένουν,164.0,0.04945717732207479,86,1.0,45.0
938,7,5.0,88,ότι,,,87,NA,45.0
939,7,5.0,89,το,60.0,0.018094089264173704,88,1.0,45.0
940,7,5.0,90,ακριβότερο,347.0,0.10464414957780459,89,2.0,45.0
941,7,5.0,91,κρασί,297.0,0.08956574185765984,90,2.0,45.0
942,7,5.0,92,θα,,,91,NA,45.0
943,7,5.0,93,έχει,258.0,0.07780458383594692,92,1.0,45.0
944,7,5.0,94,πιο,95.0,0.02864897466827503,93,1.0,45.0
945,7,5.0,95,επιθυμητά,664.0,0.20024125452352232,94,5.0,45.0
946,7,5.0,96,χαρακτηριστικά,567.0,0.17098914354644149,95,3.0,45.0
947,7,5.0,97,σε,,,96,NA,45.0
948,7,5.0,98,σχέση,73.0,0.02201447527141134,97,1.0,45.0
949,7,5.0,99,με,,,98,NA,45.0
950,7,5.0,100,το,,,99,NA,45.0
951,7,5.0,101,φθηνότερο,,,100,NA,45.0
952,7,5.0,102,κρασί.,,,101,NA,45.0
953,7,6.0,103,όταν,294.0,0.04919678714859438,102,2.0,46.0
954,7,6.0,104,προσφέρεται,417.0,0.06977911646586345,103,2.0,46.0
955,7,6.0,105,στους,503.0,0.08417001338688086,104,3.0,46.0
956,7,6.0,106,δοκιμαστές,104.0,0.01740294511378849,105,1.0,46.0
957,7,6.0,107,κρασί,,,106,NA,46.0
958,7,6.0,108,το,,,107,NA,46.0
959,7,6.0,109,οποίο,,,108,NA,46.0
960,7,6.0,110,έχει,,,109,NA,46.0
961,7,6.0,111,χαρακτηριστεί,447.0,0.0747991967871486,110,3.0,46.0
962,7,6.0,112,ως,,,111,NA,46.0
963,7,6.0,113,ακριβό,258.0,0.04317269076305221,112,3.0,46.0
964,7,6.0,114,ενώ,299.0,0.0500334672021419,113,1.0,46.0
965,7,6.0,115,δεν,,,114,NA,46.0
966,7,6.0,116,"είναι,",186.0,0.03112449799196787,115,1.0,46.0
967,7,6.0,117,τότε,156.0,0.02610441767068273,116,1.0,46.0
968,7,6.0,118,το,407.0,0.06810575635876841,117,2.0,46.0
969,7,6.0,119,αξιολογούν,68.0,0.011378848728246318,118,1.0,46.0
970,7,6.0,120,ως,101.0,0.016900937081659972,119,1.0,46.0
971,7,6.0,121,γευστικά,274.0,0.045850066934404285,120,3.0,46.0
972,7,6.0,122,"καλύτερο,",172.0,0.028781793842034806,121,1.0,46.0
973,7,6.0,123,συγκριτικά,484.0,0.08099062918340026,122,2.0,46.0
974,7,6.0,124,με,,,123,NA,46.0
975,7,6.0,125,την,524.0,0.08768406961178045,124,3.0,46.0
976,7,6.0,126,περίπτωση,437.0,0.07312583668005354,125,2.0,46.0
977,7,6.0,127,που,286.0,0.04785809906291834,126,2.0,46.0
978,7,6.0,128,χαρακτηρίζεται,206.0,0.034471218206157964,127,2.0,46.0
979,7,6.0,129,ως,,,128,NA,46.0
980,7,6.0,130,φθηνό.,353.0,0.05906961178045515,129,1.0,46.0
981,7,7.0,131,άλλες,302.0,0.061133603238866394,130,2.0,47.0
982,7,7.0,132,μελέτες,299.0,0.060526315789473685,131,1.0,47.0
983,7,7.0,133,δείχνουν,97.0,0.019635627530364373,132,1.0,47.0
984,7,7.0,134,ότι,77.0,0.015587044534412956,133,1.0,47.0
985,7,7.0,135,η,,,134,NA,47.0
986,7,7.0,136,κρίση,271.0,0.0548582995951417,135,2.0,47.0
987,7,7.0,137,των,33.0,0.0066801619433198385,136,1.0,47.0
988,7,7.0,138,γευσιγνωστών,399.0,0.08076923076923077,137,3.0,47.0
989,7,7.0,139,επηρεάζεται,278.0,0.0562753036437247,138,1.0,47.0
990,7,7.0,140,από,,,139,NA,47.0
991,7,7.0,141,τη,200.0,0.04048582995951417,140,1.0,47.0
992,7,7.0,142,γνώση,265.0,0.053643724696356275,141,2.0,47.0
993,7,7.0,143,των,331.0,0.06700404858299595,142,2.0,47.0
994,7,7.0,144,λεπτομερειών,504.0,0.1020242914979757,143,3.0,47.0
995,7,7.0,145,του,70.0,0.01417004048582996,144,1.0,47.0
996,7,7.0,146,"κρασιού,",161.0,0.032591093117408904,145,2.0,47.0
997,7,7.0,147,όπως,150.0,0.030364372469635626,146,1.0,47.0
998,7,7.0,148,η,117.0,0.02368421052631579,147,1.0,47.0
999,7,7.0,149,γεωγραφική,186.0,0.03765182186234818,148,2.0,47.0
1000,7,7.0,150,"προέλευση,",322.0,0.06518218623481781,149,1.0,47.0
1001,7,7.0,151,η,,,150,NA,47.0
1002,7,7.0,152,φήμη,222.0,0.044939271255060725,151,1.0,47.0
1003,7,7.0,153,ή,,,152,NA,47.0
1004,7,7.0,154,άλλοι,440.0,0.08906882591093117,153,3.0,47.0
1005,7,7.0,155,παράγοντες.,216.0,0.0437246963562753,154,1.0,47.0
1006,7,8.0,156,"επομένως,",299.0,0.06947026022304832,155,2.0,48.0
1007,7,8.0,157,η,,,156,NA,48.0
1008,7,8.0,158,γευσιγνωσία,303.0,0.0703996282527881,157,2.0,48.0
1009,7,8.0,159,κρασιού,288.0,0.06691449814126393,158,1.0,48.0
1010,7,8.0,160,για,,,159,NA,48.0
1011,7,8.0,161,να,169.0,0.03926579925650558,160,1.0,48.0
1012,7,8.0,162,θεωρηθεί,305.0,0.07086431226765799,161,3.0,48.0
1013,7,8.0,163,αντικειμενική,278.0,0.0645910780669145,162,1.0,48.0
1014,7,8.0,164,απαιτεί,310.0,0.07202602230483271,163,1.0,48.0
1015,7,8.0,165,τυφλή,230.0,0.05343866171003717,164,2.0,48.0
1016,7,8.0,166,δοκιμασία,491.0,0.11407992565055762,165,3.0,48.0
1017,7,8.0,167,–,,,166,NA,48.0
1018,7,8.0,168,ο,,,167,NA,48.0
1019,7,8.0,169,δοκιμαστής,235.0,0.0546003717472119,168,1.0,48.0
1020,7,8.0,170,δεν,,,169,NA,48.0
1021,7,8.0,171,πρέπει,268.0,0.062267657992565055,170,1.0,48.0
1022,7,8.0,172,να,,,171,NA,48.0
1023,7,8.0,173,δει,59.0,0.01370817843866171,172,1.0,48.0
1024,7,8.0,174,την,135.0,0.03136617100371747,173,1.0,48.0
1025,7,8.0,175,ετικέτα,66.0,0.01533457249070632,174,1.0,48.0
1026,7,8.0,176,ή,67.0,0.015566914498141264,175,1.0,48.0
1027,7,8.0,177,το,,,176,NA,48.0
1028,7,8.0,178,σχήμα,245.0,0.05692379182156134,177,1.0,48.0
1029,7,8.0,179,του,322.0,0.07481412639405205,178,1.0,48.0
1030,7,8.0,180,μπουκαλιού.,234.0,0.05436802973977695,179,2.0,48.0
1031,7,9.0,181,η,,,180,NA,49.0
1032,7,9.0,182,τυφλή,218.0,0.079014135556361,181,1.0,49.0
1033,7,9.0,183,δοκιμασία,180.0,0.06524102935846321,182,1.0,49.0
1034,7,9.0,184,μπορεί,276.0,0.10003624501631025,183,1.0,49.0
1035,7,9.0,185,επίσης,83.0,0.03008336353751359,184,1.0,49.0
1036,7,9.0,186,να,,,185,NA,49.0
1037,7,9.0,187,περιλαμβάνει,112.0,0.04059441826748822,186,1.0,49.0
1038,7,9.0,188,το,,,187,NA,49.0
1039,7,9.0,189,σερβίρισμα,304.0,0.11018484958318231,188,1.0,49.0
1040,7,9.0,190,του,,,189,NA,49.0
1041,7,9.0,191,κρασιού,193.0,0.06995288147879666,190,1.0,49.0
1042,7,9.0,192,σε,,,191,NA,49.0
1043,7,9.0,193,ποτήρι,,,192,NA,49.0
1044,7,9.0,194,μαύρου,286.0,0.10366074664733599,193,1.0,49.0
1045,7,9.0,195,χρώματος,398.0,0.1442551649148242,194,2.0,49.0
1046,7,9.0,196,για,,,195,NA,49.0
1047,7,9.0,197,να,157.0,0.05690467560710402,196,1.0,49.0
1048,7,9.0,198,καλύπτεται,176.0,0.06379122870605292,197,1.0,49.0
1049,7,9.0,199,το,,,198,NA,49.0
1050,7,9.0,200,χρώμα,192.0,0.06959043131569409,199,1.0,49.0
1051,7,9.0,201,του,,,200,NA,49.0
1052,7,9.0,202,κρασιού.,184.0,0.0666908300108735,201,1.0,49.0
